,pmhc,count
0,A*33:03_QYVKDGFRR,0.4586329866270431
1,A*02:06_TQMRYYREA,0.44953937592867754
2,A*33:03_YTLTLRKGR,0.35698365527488857
3,B*15:27_SMTERQALY,0.3408915304606241
4,A*02:06_TLREKLEAA,0.32922734026745915
5,C*14:03_YYQNADSYH,0.3091530460624071
6,A*02:06_GLSPHWLLV,0.30066864784546804
7,A*33:03_YMDSHHPAR,0.29952451708766714
8,C*07:02_QYLNFANYI,0.2972362555720654
9,A*02:06_IQQVISERV,0.2965081723625557
10,A*24:02_LFQEILNTL,0.2894947994056464
11,C*07:02_FRCKCTFSF,0.2698216939078752
12,C*07:02_RFFPQSSQL,0.26518573551263
